Entity,Code,Year,number_nondem_bmr_owid,number_dem_bmr_owid
Africa,,1800,1,0
Africa,,1801,1,0
Africa,,1802,1,0
Africa,,1803,1,0
Africa,,1804,1,0
Africa,,1805,1,0
Africa,,1806,1,0
Africa,,1807,1,0
Africa,,1808,1,0
Africa,,1809,1,0
Africa,,1810,1,0
Africa,,1811,1,0
Africa,,1812,1,0
Africa,,1813,1,0
Africa,,1814,1,0
Africa,,1815,1,0
Africa,,1816,1,0
Africa,,1817,1,0
Africa,,1818,1,0
Africa,,1819,1,0
Africa,,1820,1,0
Africa,,1821,1,0
Africa,,1822,1,0
Africa,,1823,1,0
Africa,,1824,1,0
Africa,,1825,1,0
Africa,,1826,1,0
Africa,,1827,1,0
Africa,,1828,1,0
Africa,,1829,1,0
Africa,,1830,1,0
Africa,,1831,1,0
Africa,,1832,1,0
Africa,,1833,1,0
Africa,,1834,1,0
Africa,,1835,1,0
Africa,,1836,1,0
Africa,,1837,1,0
Africa,,1838,1,0
Africa,,1839,1,0
Africa,,1840,1,0
Africa,,1841,1,0
Africa,,1842,1,0
Africa,,1843,1,0
Africa,,1844,1,0
Africa,,1845,1,0
Africa,,1846,1,0
Africa,,1847,2,0
Africa,,1848,2,0
Africa,,1849,2,0
Africa,,1850,2,0
Africa,,1851,2,0
Africa,,1852,2,0
Africa,,1853,2,0
Africa,,1854,2,1
Africa,,1855,3,1
Africa,,1856,3,1
Africa,,1857,3,1
Africa,,1858,3,1
Africa,,1859,3,1
Africa,,1860,3,1
Africa,,1861,3,1
Africa,,1862,3,1
Africa,,1863,3,1
Africa,,1864,3,1
Africa,,1865,3,1
Africa,,1866,3,1
Africa,,1867,3,1
Africa,,1868,3,1
Africa,,1869,3,1
Africa,,1870,3,1
Africa,,1871,3,1
Africa,,1872,3,1
Africa,,1873,3,1
Africa,,1874,3,1
Africa,,1875,3,1
Africa,,1876,3,1
Africa,,1877,3,1
Africa,,1878,3,1
Africa,,1879,3,1
Africa,,1880,3,1
Africa,,1881,3,1
Africa,,1882,3,1
Africa,,1883,3,1
Africa,,1884,3,1
Africa,,1885,3,1
Africa,,1886,3,1
Africa,,1887,3,1
Africa,,1888,3,1
Africa,,1889,3,1
Africa,,1890,3,1
Africa,,1891,3,1
Africa,,1892,3,1
Africa,,1893,3,1
Africa,,1894,3,1
Africa,,1895,3,1
Africa,,1896,3,1
Africa,,1897,3,1
Africa,,1898,3,1
Africa,,1899,3,1
Africa,,1900,3,1
Africa,,1901,3,1
Africa,,1902,3,1
Africa,,1903,3,0
Africa,,1904,3,0
Africa,,1905,3,0
Africa,,1906,3,0
Africa,,1907,3,0
Africa,,1908,3,0
Africa,,1909,3,0
Africa,,1910,4,0
Africa,,1911,4,0
Africa,,1912,3,0
Africa,,1913,3,0
Africa,,1914,3,0
Africa,,1915,3,0
Africa,,1916,3,0
Africa,,1917,3,0
Africa,,1918,3,0
Africa,,1919,3,0
Africa,,1920,3,0
Africa,,1921,3,0
Africa,,1922,4,0
Africa,,1923,4,0
Africa,,1924,4,0
Africa,,1925,4,0
Africa,,1926,4,0
Africa,,1927,4,0
Africa,,1928,4,0
Africa,,1929,4,0
Africa,,1930,4,0
Africa,,1931,4,0
Africa,,1932,4,0
Africa,,1933,4,0
Africa,,1934,4,0
Africa,,1935,3,0
Africa,,1936,3,0
Africa,,1937,3,0
Africa,,1938,3,0
Africa,,1939,3,0
Africa,,1940,3,0
Africa,,1941,3,0
Africa,,1942,4,0
Africa,,1943,4,0
Africa,,1944,4,0
Africa,,1945,4,0
Africa,,1946,4,0
Africa,,1947,4,0
Africa,,1948,4,0
Africa,,1949,4,0
Africa,,1950,4,0
Africa,,1951,5,0
Africa,,1952,5,0
Africa,,1953,5,0
Africa,,1954,5,0
Africa,,1955,5,0
Africa,,1956,7,1
Africa,,1957,8,1
Africa,,1958,10,0
Africa,,1959,10,0
Africa,,1960,24,3
Africa,,1961,25,4
Africa,,1962,29,4
Africa,,1963,31,3
Africa,,1964,33,3
Africa,,1965,34,4
Africa,,1966,36,4
Africa,,1967,37,3
Africa,,1968,39,4
Africa,,1969,41,2
Africa,,1970,40,3
Africa,,1971,40,3
Africa,,1972,40,3
Africa,,1973,40,3
Africa,,1974,41,3
Africa,,1975,45,3
Africa,,1976,47,3
Africa,,1977,48,3
Africa,,1978,48,3
Africa,,1979,46,5
Africa,,1980,45,6
Africa,,1981,46,5
Africa,,1982,46,5
Africa,,1983,47,4
Africa,,1984,47,4
Africa,,1985,48,3
Africa,,1986,47,4
Africa,,1987,47,4
Africa,,1988,47,4
Africa,,1989,48,3
Africa,,1990,49,3
Africa,,1991,46,6
Africa,,1992,45,7
Africa,,1993,43,10
Africa,,1994,40,13
Africa,,1995,40,13
Africa,,1996,41,12
Africa,,1997,40,13
Africa,,1998,41,12
Africa,,1999,40,13
Africa,,2000,39,14
Africa,,2001,39,14
Africa,,2002,36,17
Africa,,2003,37,16
Africa,,2004,38,15
Africa,,2005,37,16
Africa,,2006,35,18
Africa,,2007,35,18
Africa,,2008,34,19
Africa,,2009,36,17
Africa,,2010,36,17
Africa,,2011,35,18
Africa,,2012,37,17
Africa,,2013,37,17
Africa,,2014,36,17
Africa,,2015,35,18
Africa,,2016,34,19
Africa,,2017,33,20
Africa,,2018,34,19
Africa,,2019,33,20
Africa,,2020,33,20
Asia,,1800,9,0
Asia,,1801,9,0
Asia,,1802,9,0
Asia,,1803,9,0
Asia,,1804,9,0
Asia,,1805,9,0
Asia,,1806,9,0
Asia,,1807,9,0
Asia,,1808,9,0
Asia,,1809,9,0
Asia,,1810,9,0
Asia,,1811,9,0
Asia,,1812,9,0
Asia,,1813,9,0
Asia,,1814,9,0
Asia,,1815,9,0
Asia,,1816,9,0
Asia,,1817,9,0
Asia,,1818,9,0
Asia,,1819,9,0
Asia,,1820,9,0
Asia,,1821,9,0
Asia,,1822,9,0
Asia,,1823,9,0
Asia,,1824,9,0
Asia,,1825,9,0
Asia,,1826,9,0
Asia,,1827,9,0
Asia,,1828,9,0
Asia,,1829,9,0
Asia,,1830,9,0
Asia,,1831,9,0
Asia,,1832,9,0
Asia,,1833,9,0
Asia,,1834,9,0
Asia,,1835,9,0
Asia,,1836,9,0
Asia,,1837,9,0
Asia,,1838,9,0
Asia,,1839,9,0
Asia,,1840,9,0
Asia,,1841,9,0
Asia,,1842,9,0
Asia,,1843,9,0
Asia,,1844,9,0
Asia,,1845,9,0
Asia,,1846,9,0
Asia,,1847,9,0
Asia,,1848,9,0
Asia,,1849,9,0
Asia,,1850,9,0
Asia,,1851,9,0
Asia,,1852,9,0
Asia,,1853,9,0
Asia,,1854,9,0
Asia,,1855,9,0
Asia,,1856,9,0
Asia,,1857,9,0
Asia,,1858,8,0
Asia,,1859,8,0
Asia,,1860,7,0
Asia,,1861,7,0
Asia,,1862,8,0
Asia,,1863,8,0
Asia,,1864,8,0
Asia,,1865,8,0
Asia,,1866,8,0
Asia,,1867,8,0
Asia,,1868,9,0
Asia,,1869,9,0
Asia,,1870,9,0
Asia,,1871,9,0
Asia,,1872,9,0
Asia,,1873,9,0
Asia,,1874,9,0
Asia,,1875,9,0
Asia,,1876,9,0
Asia,,1877,9,0
Asia,,1878,9,0
Asia,,1879,9,0
Asia,,1880,9,0
Asia,,1881,9,0
Asia,,1882,9,0
Asia,,1883,9,0
Asia,,1884,9,0
Asia,,1885,9,0
Asia,,1886,9,0
Asia,,1887,9,0
Asia,,1888,9,0
Asia,,1889,9,0
Asia,,1890,9,0
Asia,,1891,9,0
Asia,,1892,9,0
Asia,,1893,9,0
Asia,,1894,9,0
Asia,,1895,9,0
Asia,,1896,9,0
Asia,,1897,9,0
Asia,,1898,9,0
Asia,,1899,9,0
Asia,,1900,9,0
Asia,,1901,9,0
Asia,,1902,9,0
Asia,,1903,9,0
Asia,,1904,9,0
Asia,,1905,9,0
Asia,,1906,8,0
Asia,,1907,9,0
Asia,,1908,9,0
Asia,,1909,9,0
Asia,,1910,9,0
Asia,,1911,7,0
Asia,,1912,8,0
Asia,,1913,7,0
Asia,,1914,8,0
Asia,,1915,8,0
Asia,,1916,8,0
Asia,,1917,8,0
Asia,,1918,9,0
Asia,,1919,8,0
Asia,,1920,8,0
Asia,,1921,8,0
Asia,,1922,8,0
Asia,,1923,9,0
Asia,,1924,10,0
Asia,,1925,11,0
Asia,,1926,12,0
Asia,,1927,12,0
Asia,,1928,12,0
Asia,,1929,12,0
Asia,,1930,12,0
Asia,,1931,12,0
Asia,,1932,12,0
Asia,,1933,12,0
Asia,,1934,12,0
Asia,,1935,14,0
Asia,,1936,14,0
Asia,,1937,14,0
Asia,,1938,14,0
Asia,,1939,13,0
Asia,,1940,13,0
Asia,,1941,11,0
Asia,,1942,12,0
Asia,,1943,13,0
Asia,,1944,14,0
Asia,,1945,15,0
Asia,,1946,15,1
Asia,,1947,16,1
Asia,,1948,19,4
Asia,,1949,20,4
Asia,,1950,20,6
Asia,,1951,20,6
Asia,,1952,19,7
Asia,,1953,19,7
Asia,,1954,20,8
Asia,,1955,21,9
Asia,,1956,22,8
Asia,,1957,24,7
Asia,,1958,25,6
Asia,,1959,26,5
Asia,,1960,24,7
Asia,,1961,25,7
Asia,,1962,26,6
Asia,,1963,26,6
Asia,,1964,26,6
Asia,,1965,28,5
Asia,,1966,29,5
Asia,,1967,30,5
Asia,,1968,30,5
Asia,,1969,30,5
Asia,,1970,29,5
Asia,,1971,32,6
Asia,,1972,32,7
Asia,,1973,32,7
Asia,,1974,32,7
Asia,,1975,30,8
Asia,,1976,31,6
Asia,,1977,33,4
Asia,,1978,33,4
Asia,,1979,33,4
Asia,,1980,34,3
Asia,,1981,34,3
Asia,,1982,34,3
Asia,,1983,32,5
Asia,,1984,32,5
Asia,,1985,33,5
Asia,,1986,32,6
Asia,,1987,32,6
Asia,,1988,30,8
Asia,,1989,30,8
Asia,,1990,29,9
Asia,,1991,36,10
Asia,,1992,35,11
Asia,,1993,35,11
Asia,,1994,34,12
Asia,,1995,34,12
Asia,,1996,33,13
Asia,,1997,33,13
Asia,,1998,33,13
Asia,,1999,33,13
Asia,,2000,33,13
Asia,,2001,32,13
Asia,,2002,33,13
Asia,,2003,32,13
Asia,,2004,32,14
Asia,,2005,32,14
Asia,,2006,33,13
Asia,,2007,34,12
Asia,,2008,32,14
Asia,,2009,31,16
Asia,,2010,32,15
Asia,,2011,31,16
Asia,,2012,32,15
Asia,,2013,32,15
Asia,,2014,34,13
Asia,,2015,32,14
Asia,,2016,33,13
Asia,,2017,34,12
Asia,,2018,33,13
Asia,,2019,33,13
Asia,,2020,33,13
Europe,,1800,12,0
Europe,,1801,12,0
Europe,,1802,12,0
Europe,,1803,12,0
Europe,,1804,12,0
Europe,,1805,12,0
Europe,,1806,13,0
Europe,,1807,12,0
Europe,,1808,11,0
Europe,,1809,11,0
Europe,,1810,11,0
Europe,,1811,11,0
Europe,,1812,11,0
Europe,,1813,11,0
Europe,,1814,12,0
Europe,,1815,18,0
Europe,,1816,19,0
Europe,,1817,19,0
Europe,,1818,19,0
Europe,,1819,20,0
Europe,,1820,20,0
Europe,,1821,20,0
Europe,,1822,20,0
Europe,,1823,21,0
Europe,,1824,21,0
Europe,,1825,21,0
Europe,,1826,21,0
Europe,,1827,22,0
Europe,,1828,22,0
Europe,,1829,22,0
Europe,,1830,23,0
Europe,,1831,23,0
Europe,,1832,23,0
Europe,,1833,23,0
Europe,,1834,23,0
Europe,,1835,23,0
Europe,,1836,23,0
Europe,,1837,23,0
Europe,,1838,23,0
Europe,,1839,23,0
Europe,,1840,23,0
Europe,,1841,23,0
Europe,,1842,23,0
Europe,,1843,23,0
Europe,,1844,23,0
Europe,,1845,23,0
Europe,,1846,23,0
Europe,,1847,23,0
Europe,,1848,21,2
Europe,,1849,21,2
Europe,,1850,22,2
Europe,,1851,22,2
Europe,,1852,23,1
Europe,,1853,23,1
Europe,,1854,23,1
Europe,,1855,23,1
Europe,,1856,23,1
Europe,,1857,23,1
Europe,,1858,23,1
Europe,,1859,24,1
Europe,,1860,24,1
Europe,,1861,20,1
Europe,,1862,19,1
Europe,,1863,19,1
Europe,,1864,19,2
Europe,,1865,19,2
Europe,,1866,19,2
Europe,,1867,21,2
Europe,,1868,21,2
Europe,,1869,21,2
Europe,,1870,21,2
Europe,,1871,19,3
Europe,,1872,15,3
Europe,,1873,15,3
Europe,,1874,15,3
Europe,,1875,15,3
Europe,,1876,15,3
Europe,,1877,15,3
Europe,,1878,16,3
Europe,,1879,17,3
Europe,,1880,17,3
Europe,,1881,17,3
Europe,,1882,17,3
Europe,,1883,17,3
Europe,,1884,17,3
Europe,,1885,16,4
Europe,,1886,16,4
Europe,,1887,16,4
Europe,,1888,16,4
Europe,,1889,16,4
Europe,,1890,15,5
Europe,,1891,15,5
Europe,,1892,15,5
Europe,,1893,15,5
Europe,,1894,14,6
Europe,,1895,14,6
Europe,,1896,14,6
Europe,,1897,13,7
Europe,,1898,13,7
Europe,,1899,13,7
Europe,,1900,13,8
Europe,,1901,12,9
Europe,,1902,12,9
Europe,,1903,12,9
Europe,,1904,12,9
Europe,,1905,12,9
Europe,,1906,12,9
Europe,,1907,12,9
Europe,,1908,12,9
Europe,,1909,12,9
Europe,,1910,11,9
Europe,,1911,10,11
Europe,,1912,10,11
Europe,,1913,9,11
Europe,,1914,10,11
Europe,,1915,11,10
Europe,,1916,10,10
Europe,,1917,11,11
Europe,,1918,8,14
Europe,,1919,8,17
Europe,,1920,8,20
Europe,,1921,8,21
Europe,,1922,8,21
Europe,,1923,8,21
Europe,,1924,8,21
Europe,,1925,9,21
Europe,,1926,11,19
Europe,,1927,11,19
Europe,,1928,11,19
Europe,,1929,12,18
Europe,,1930,12,18
Europe,,1931,11,19
Europe,,1932,11,19
Europe,,1933,13,17
Europe,,1934,15,15
Europe,,1935,15,15
Europe,,1936,16,14
Europe,,1937,17,13
Europe,,1938,16,13
Europe,,1939,14,12
Europe,,1940,15,6
Europe,,1941,11,6
Europe,,1942,10,6
Europe,,1943,9,6
Europe,,1944,6,7
Europe,,1945,6,14
Europe,,1946,6,17
Europe,,1947,8,16
Europe,,1948,11,16
Europe,,1949,11,17
Europe,,1950,11,17
Europe,,1951,11,17
Europe,,1952,11,17
Europe,,1953,11,17
Europe,,1954,11,17
Europe,,1955,11,17
Europe,,1956,11,17
Europe,,1957,11,17
Europe,,1958,11,17
Europe,,1959,11,17
Europe,,1960,12,17
Europe,,1961,12,17
Europe,,1962,12,17
Europe,,1963,11,17
Europe,,1964,11,18
Europe,,1965,12,18
Europe,,1966,12,18
Europe,,1967,13,17
Europe,,1968,13,17
Europe,,1969,13,17
Europe,,1970,13,17
Europe,,1971,13,17
Europe,,1972,13,17
Europe,,1973,13,17
Europe,,1974,11,18
Europe,,1975,12,18
Europe,,1976,10,20
Europe,,1977,9,21
Europe,,1978,9,21
Europe,,1979,9,21
Europe,,1980,9,21
Europe,,1981,9,21
Europe,,1982,9,21
Europe,,1983,9,21
Europe,,1984,9,21
Europe,,1985,9,21
Europe,,1986,9,21
Europe,,1987,9,21
Europe,,1988,9,21
Europe,,1989,8,22
Europe,,1990,5,25
Europe,,1991,6,33
Europe,,1992,3,36
Europe,,1993,2,38
Europe,,1994,3,39
Europe,,1995,3,39
Europe,,1996,4,39
Europe,,1997,3,40
Europe,,1998,3,40
Europe,,1999,4,39
Europe,,2000,2,41
Europe,,2001,2,41
Europe,,2002,2,41
Europe,,2003,2,41
Europe,,2004,2,41
Europe,,2005,2,41
Europe,,2006,2,42
Europe,,2007,2,42
Europe,,2008,2,42
Europe,,2009,2,42
Europe,,2010,2,42
Europe,,2011,2,42
Europe,,2012,2,43
Europe,,2013,2,43
Europe,,2014,2,43
Europe,,2015,2,43
Europe,,2016,2,43
Europe,,2017,2,43
Europe,,2018,2,43
Europe,,2019,2,43
Europe,,2020,2,43
North America,,1800,0,1
North America,,1801,0,1
North America,,1802,0,1
North America,,1803,0,1
North America,,1804,0,1
North America,,1805,0,1
North America,,1806,0,1
North America,,1807,0,1
North America,,1808,0,1
North America,,1809,0,1
North America,,1810,0,1
North America,,1811,0,1
North America,,1812,0,1
North America,,1813,0,1
North America,,1814,0,1
North America,,1815,0,1
North America,,1816,0,1
North America,,1817,0,1
North America,,1818,0,1
North America,,1819,0,1
North America,,1820,1,1
North America,,1821,1,1
North America,,1822,2,1
North America,,1823,2,1
North America,,1824,3,1
North America,,1825,3,1
North America,,1826,3,1
North America,,1827,3,1
North America,,1828,3,1
North America,,1829,3,1
North America,,1830,3,1
North America,,1831,3,1
North America,,1832,3,1
North America,,1833,3,1
North America,,1834,3,1
North America,,1835,3,1
North America,,1836,3,1
North America,,1837,3,1
North America,,1838,5,1
North America,,1839,6,1
North America,,1840,6,1
North America,,1841,7,1
North America,,1842,7,1
North America,,1843,7,1
North America,,1844,8,1
North America,,1845,8,1
North America,,1846,8,1
North America,,1847,8,1
North America,,1848,8,1
North America,,1849,8,1
North America,,1850,8,1
North America,,1851,8,1
North America,,1852,8,1
North America,,1853,8,1
North America,,1854,8,1
North America,,1855,8,1
North America,,1856,8,1
North America,,1857,8,1
North America,,1858,8,1
North America,,1859,8,1
North America,,1860,8,1
North America,,1861,8,1
North America,,1862,8,1
North America,,1863,8,1
North America,,1864,8,1
North America,,1865,8,1
North America,,1866,8,1
North America,,1867,8,2
North America,,1868,8,2
North America,,1869,8,2
North America,,1870,8,2
North America,,1871,8,2
North America,,1872,8,2
North America,,1873,8,2
North America,,1874,8,2
North America,,1875,8,2
North America,,1876,8,2
North America,,1877,8,2
North America,,1878,8,2
North America,,1879,8,2
North America,,1880,8,2
North America,,1881,8,2
North America,,1882,8,2
North America,,1883,8,2
North America,,1884,8,2
North America,,1885,8,2
North America,,1886,8,2
North America,,1887,8,2
North America,,1888,8,2
North America,,1889,8,2
North America,,1890,8,2
North America,,1891,8,2
North America,,1892,8,2
North America,,1893,8,2
North America,,1894,8,2
North America,,1895,8,2
North America,,1896,8,2
North America,,1897,8,2
North America,,1898,8,2
North America,,1899,8,2
North America,,1900,8,2
North America,,1901,8,2
North America,,1902,9,2
North America,,1903,10,2
North America,,1904,10,2
North America,,1905,10,2
North America,,1906,10,2
North America,,1907,10,2
North America,,1908,10,2
North America,,1909,9,3
North America,,1910,9,3
North America,,1911,9,3
North America,,1912,9,3
North America,,1913,9,3
North America,,1914,9,3
North America,,1915,9,3
North America,,1916,10,2
North America,,1917,10,2
North America,,1918,10,2
North America,,1919,10,2
North America,,1920,10,2
North America,,1921,10,2
North America,,1922,10,2
North America,,1923,10,2
North America,,1924,10,2
North America,,1925,10,2
North America,,1926,10,2
North America,,1927,10,2
North America,,1928,10,2
North America,,1929,10,2
North America,,1930,9,2
North America,,1931,9,2
North America,,1932,10,2
North America,,1933,10,2
North America,,1934,10,2
North America,,1935,10,2
North America,,1936,10,2
North America,,1937,10,2
North America,,1938,10,2
North America,,1939,10,2
North America,,1940,9,3
North America,,1941,9,3
North America,,1942,9,3
North America,,1943,9,3
North America,,1944,9,3
North America,,1945,8,4
North America,,1946,8,4
North America,,1947,8,4
North America,,1948,8,4
North America,,1949,7,5
North America,,1950,7,5
North America,,1951,7,5
North America,,1952,7,5
North America,,1953,8,4
North America,,1954,9,3
North America,,1955,9,3
North America,,1956,8,4
North America,,1957,7,5
North America,,1958,6,6
North America,,1959,6,6
North America,,1960,6,6
North America,,1961,6,6
North America,,1962,6,8
North America,,1963,8,6
North America,,1964,8,6
North America,,1965,8,6
North America,,1966,6,9
North America,,1967,6,9
North America,,1968,7,8
North America,,1969,7,8
North America,,1970,8,7
North America,,1971,7,8
North America,,1972,8,7
North America,,1973,8,8
North America,,1974,8,9
North America,,1975,8,9
North America,,1976,8,9
North America,,1977,8,9
North America,,1978,8,10
North America,,1979,9,11
North America,,1980,9,11
North America,,1981,9,12
North America,,1982,9,13
North America,,1983,9,13
North America,,1984,6,17
North America,,1985,6,17
North America,,1986,5,18
North America,,1987,5,18
North America,,1988,5,18
North America,,1989,5,18
North America,,1990,5,18
North America,,1991,4,19
North America,,1992,4,19
North America,,1993,4,19
North America,,1994,4,19
North America,,1995,4,19
North America,,1996,4,19
North America,,1997,4,19
North America,,1998,4,19
North America,,1999,4,19
North America,,2000,3,20
North America,,2001,3,20
North America,,2002,3,20
North America,,2003,3,20
North America,,2004,2,21
North America,,2005,2,21
North America,,2006,2,21
North America,,2007,2,21
North America,,2008,2,21
North America,,2009,3,20
North America,,2010,2,21
North America,,2011,2,21
North America,,2012,2,21
North America,,2013,2,21
North America,,2014,2,21
North America,,2015,2,21
North America,,2016,3,20
North America,,2017,4,19
North America,,2018,4,19
North America,,2019,4,19
North America,,2020,4,19
Oceania,,1857,0,1
Oceania,,1858,0,1
Oceania,,1859,0,1
Oceania,,1860,0,1
Oceania,,1861,0,1
Oceania,,1862,0,1
Oceania,,1863,0,1
Oceania,,1864,0,1
Oceania,,1865,0,1
Oceania,,1866,0,1
Oceania,,1867,0,1
Oceania,,1868,0,1
Oceania,,1869,0,1
Oceania,,1870,0,1
Oceania,,1871,0,1
Oceania,,1872,0,1
Oceania,,1873,0,1
Oceania,,1874,0,1
Oceania,,1875,0,1
Oceania,,1876,0,1
Oceania,,1877,0,1
Oceania,,1878,0,1
Oceania,,1879,0,1
Oceania,,1880,0,1
Oceania,,1881,0,1
Oceania,,1882,0,1
Oceania,,1883,0,1
Oceania,,1884,0,1
Oceania,,1885,0,1
Oceania,,1886,0,1
Oceania,,1887,0,1
Oceania,,1888,0,1
Oceania,,1889,0,1
Oceania,,1890,0,1
Oceania,,1891,0,1
Oceania,,1892,0,1
Oceania,,1893,0,1
Oceania,,1894,0,1
Oceania,,1895,0,1
Oceania,,1896,0,1
Oceania,,1897,0,1
Oceania,,1898,0,1
Oceania,,1899,0,1
Oceania,,1900,0,1
Oceania,,1901,0,2
Oceania,,1902,0,2
Oceania,,1903,0,2
Oceania,,1904,0,2
Oceania,,1905,0,2
Oceania,,1906,0,2
Oceania,,1907,0,2
Oceania,,1908,0,2
Oceania,,1909,0,2
Oceania,,1910,0,2
Oceania,,1911,0,2
Oceania,,1912,0,2
Oceania,,1913,0,2
Oceania,,1914,0,2
Oceania,,1915,0,2
Oceania,,1916,0,2
Oceania,,1917,0,2
Oceania,,1918,0,2
Oceania,,1919,0,2
Oceania,,1920,0,2
Oceania,,1921,0,2
Oceania,,1922,0,2
Oceania,,1923,0,2
Oceania,,1924,0,2
Oceania,,1925,0,2
Oceania,,1926,0,2
Oceania,,1927,0,2
Oceania,,1928,0,2
Oceania,,1929,0,2
Oceania,,1930,0,2
Oceania,,1931,0,2
Oceania,,1932,0,2
Oceania,,1933,0,2
Oceania,,1934,0,2
Oceania,,1935,0,2
Oceania,,1936,0,2
Oceania,,1937,0,2
Oceania,,1938,0,2
Oceania,,1939,0,2
Oceania,,1940,0,2
Oceania,,1941,0,2
Oceania,,1942,0,2
Oceania,,1943,0,2
Oceania,,1944,0,2
Oceania,,1945,0,2
Oceania,,1946,0,2
Oceania,,1947,0,2
Oceania,,1948,0,2
Oceania,,1949,0,2
Oceania,,1950,0,2
Oceania,,1951,0,2
Oceania,,1952,0,2
Oceania,,1953,0,2
Oceania,,1954,0,2
Oceania,,1955,0,2
Oceania,,1956,0,2
Oceania,,1957,0,2
Oceania,,1958,0,2
Oceania,,1959,0,2
Oceania,,1960,0,2
Oceania,,1961,0,2
Oceania,,1962,1,2
Oceania,,1963,1,2
Oceania,,1964,1,2
Oceania,,1965,1,2
Oceania,,1966,1,2
Oceania,,1967,1,2
Oceania,,1968,1,3
Oceania,,1969,1,3
Oceania,,1970,2,4
Oceania,,1971,2,4
Oceania,,1972,2,4
Oceania,,1973,2,4
Oceania,,1974,2,4
Oceania,,1975,2,5
Oceania,,1976,2,5
Oceania,,1977,2,5
Oceania,,1978,2,7
Oceania,,1979,2,7
Oceania,,1980,2,8
Oceania,,1981,2,8
Oceania,,1982,2,8
Oceania,,1983,2,8
Oceania,,1984,2,8
Oceania,,1985,2,8
Oceania,,1986,2,8
Oceania,,1987,3,7
Oceania,,1988,3,7
Oceania,,1989,3,7
Oceania,,1990,3,7
Oceania,,1991,3,7
Oceania,,1992,3,9
Oceania,,1993,3,9
Oceania,,1994,3,9
Oceania,,1995,3,10
Oceania,,1996,3,10
Oceania,,1997,3,11
Oceania,,1998,3,11
Oceania,,1999,3,11
Oceania,,2000,4,10
Oceania,,2001,4,10
Oceania,,2002,4,10
Oceania,,2003,4,10
Oceania,,2004,4,10
Oceania,,2005,4,10
Oceania,,2006,3,11
Oceania,,2007,3,11
Oceania,,2008,3,11
Oceania,,2009,3,11
Oceania,,2010,3,11
Oceania,,2011,3,11
Oceania,,2012,3,11
Oceania,,2013,3,11
Oceania,,2014,2,12
Oceania,,2015,2,12
Oceania,,2016,2,12
Oceania,,2017,2,12
Oceania,,2018,2,12
Oceania,,2019,2,12
Oceania,,2020,2,12
South America,,1811,1,0
South America,,1812,1,0
South America,,1813,1,0
South America,,1814,1,0
South America,,1815,1,0
South America,,1816,1,0
South America,,1817,1,0
South America,,1818,2,0
South America,,1819,2,0
South America,,1820,3,0
South America,,1821,4,0
South America,,1822,4,0
South America,,1823,4,0
South America,,1824,5,0
South America,,1825,7,0
South America,,1826,7,0
South America,,1827,7,0
South America,,1828,7,0
South America,,1829,7,0
South America,,1830,10,0
South America,,1831,9,0
South America,,1832,10,0
South America,,1833,10,0
South America,,1834,10,0
South America,,1835,10,0
South America,,1836,10,0
South America,,1837,10,0
South America,,1838,10,0
South America,,1839,10,0
South America,,1840,10,0
South America,,1841,10,0
South America,,1842,10,0
South America,,1843,10,0
South America,,1844,10,0
South America,,1845,10,0
South America,,1846,10,0
South America,,1847,10,0
South America,,1848,10,0
South America,,1849,10,0
South America,,1850,10,0
South America,,1851,10,0
South America,,1852,10,0
South America,,1853,10,0
South America,,1854,10,0
South America,,1855,10,0
South America,,1856,10,0
South America,,1857,10,0
South America,,1858,10,0
South America,,1859,10,0
South America,,1860,10,0
South America,,1861,10,0
South America,,1862,10,0
South America,,1863,10,0
South America,,1864,10,0
South America,,1865,10,0
South America,,1866,10,0
South America,,1867,10,0
South America,,1868,10,0
South America,,1869,10,0
South America,,1870,10,0
South America,,1871,10,0
South America,,1872,10,0
South America,,1873,10,0
South America,,1874,10,0
South America,,1875,10,0
South America,,1876,10,0
South America,,1877,10,0
South America,,1878,10,0
South America,,1879,10,0
South America,,1880,10,0
South America,,1881,10,0
South America,,1882,10,0
South America,,1883,10,0
South America,,1884,10,0
South America,,1885,10,0
South America,,1886,10,0
South America,,1887,10,0
South America,,1888,10,0
South America,,1889,10,0
South America,,1890,10,0
South America,,1891,10,0
South America,,1892,10,0
South America,,1893,10,0
South America,,1894,10,0
South America,,1895,10,0
South America,,1896,10,0
South America,,1897,10,0
South America,,1898,10,0
South America,,1899,10,0
South America,,1900,10,0
South America,,1901,10,0
South America,,1902,10,0
South America,,1903,10,0
South America,,1904,10,0
South America,,1905,10,0
South America,,1906,10,0
South America,,1907,10,0
South America,,1908,10,0
South America,,1909,9,1
South America,,1910,9,1
South America,,1911,9,1
South America,,1912,8,2
South America,,1913,8,2
South America,,1914,8,2
South America,,1915,8,2
South America,,1916,8,2
South America,,1917,8,2
South America,,1918,8,2
South America,,1919,7,3
South America,,1920,7,3
South America,,1921,7,3
South America,,1922,7,3
South America,,1923,7,3
South America,,1924,7,3
South America,,1925,8,2
South America,,1926,8,2
South America,,1927,8,2
South America,,1928,8,2
South America,,1929,8,2
South America,,1930,8,2
South America,,1931,9,1
South America,,1932,8,2
South America,,1933,8,2
South America,,1934,9,1
South America,,1935,9,1
South America,,1936,9,1
South America,,1937,8,2
South America,,1938,8,2
South America,,1939,8,2
South America,,1940,8,2
South America,,1941,8,2
South America,,1942,8,2
South America,,1943,7,3
South America,,1944,7,3
South America,,1945,7,3
South America,,1946,6,4
South America,,1947,6,4
South America,,1948,6,4
South America,,1949,6,4
South America,,1950,6,4
South America,,1951,6,4
South America,,1952,6,4
South America,,1953,6,4
South America,,1954,6,4
South America,,1955,6,4
South America,,1956,5,5
South America,,1957,5,5
South America,,1958,3,7
South America,,1959,2,8
South America,,1960,2,8
South America,,1961,2,8
South America,,1962,4,6
South America,,1963,3,7
South America,,1964,4,6
South America,,1965,4,6
South America,,1966,6,5
South America,,1967,6,5
South America,,1968,7,4
South America,,1969,7,4
South America,,1970,7,4
South America,,1971,7,4
South America,,1972,7,4
South America,,1973,8,3
South America,,1974,8,3
South America,,1975,8,4
South America,,1976,9,3
South America,,1977,9,3
South America,,1978,9,3
South America,,1979,7,5
South America,,1980,8,4
South America,,1981,8,4
South America,,1982,7,5
South America,,1983,6,6
South America,,1984,6,6
South America,,1985,4,8
South America,,1986,4,8
South America,,1987,4,8
South America,,1988,3,9
South America,,1989,3,9
South America,,1990,4,8
South America,,1991,3,9
South America,,1992,2,10
South America,,1993,2,10
South America,,1994,2,10
South America,,1995,2,10
South America,,1996,2,10
South America,,1997,2,10
South America,,1998,2,10
South America,,1999,2,10
South America,,2000,3,9
South America,,2001,2,10
South America,,2002,2,10
South America,,2003,0,12
South America,,2004,0,12
South America,,2005,1,11
South America,,2006,1,11
South America,,2007,1,11
South America,,2008,1,11
South America,,2009,1,11
South America,,2010,1,11
South America,,2011,1,11
South America,,2012,1,11
South America,,2013,1,11
South America,,2014,1,11
South America,,2015,1,11
South America,,2016,1,11
South America,,2017,1,11
South America,,2018,1,11
South America,,2019,1,11
South America,,2020,1,11
World,OWID_WRL,1800,22,1
World,OWID_WRL,1801,22,1
World,OWID_WRL,1802,22,1
World,OWID_WRL,1803,22,1
World,OWID_WRL,1804,22,1
World,OWID_WRL,1805,22,1
World,OWID_WRL,1806,23,1
World,OWID_WRL,1807,22,1
World,OWID_WRL,1808,21,1
World,OWID_WRL,1809,21,1
World,OWID_WRL,1810,21,1
World,OWID_WRL,1811,22,1
World,OWID_WRL,1812,22,1
World,OWID_WRL,1813,22,1
World,OWID_WRL,1814,23,1
World,OWID_WRL,1815,29,1
World,OWID_WRL,1816,30,1
World,OWID_WRL,1817,30,1
World,OWID_WRL,1818,31,1
World,OWID_WRL,1819,32,1
World,OWID_WRL,1820,34,1
World,OWID_WRL,1821,35,1
World,OWID_WRL,1822,36,1
World,OWID_WRL,1823,37,1
World,OWID_WRL,1824,39,1
World,OWID_WRL,1825,41,1
World,OWID_WRL,1826,41,1
World,OWID_WRL,1827,42,1
World,OWID_WRL,1828,42,1
World,OWID_WRL,1829,42,1
World,OWID_WRL,1830,46,1
World,OWID_WRL,1831,45,1
World,OWID_WRL,1832,46,1
World,OWID_WRL,1833,46,1
World,OWID_WRL,1834,46,1
World,OWID_WRL,1835,46,1
World,OWID_WRL,1836,46,1
World,OWID_WRL,1837,46,1
World,OWID_WRL,1838,48,1
World,OWID_WRL,1839,49,1
World,OWID_WRL,1840,49,1
World,OWID_WRL,1841,50,1
World,OWID_WRL,1842,50,1
World,OWID_WRL,1843,50,1
World,OWID_WRL,1844,51,1
World,OWID_WRL,1845,51,1
World,OWID_WRL,1846,51,1
World,OWID_WRL,1847,52,1
World,OWID_WRL,1848,50,3
World,OWID_WRL,1849,50,3
World,OWID_WRL,1850,51,3
World,OWID_WRL,1851,51,3
World,OWID_WRL,1852,52,2
World,OWID_WRL,1853,52,2
World,OWID_WRL,1854,52,3
World,OWID_WRL,1855,53,3
World,OWID_WRL,1856,53,3
World,OWID_WRL,1857,53,4
World,OWID_WRL,1858,52,4
World,OWID_WRL,1859,53,4
World,OWID_WRL,1860,52,4
World,OWID_WRL,1861,48,4
World,OWID_WRL,1862,48,4
World,OWID_WRL,1863,48,4
World,OWID_WRL,1864,48,5
World,OWID_WRL,1865,48,5
World,OWID_WRL,1866,48,5
World,OWID_WRL,1867,50,6
World,OWID_WRL,1868,51,6
World,OWID_WRL,1869,51,6
World,OWID_WRL,1870,51,6
World,OWID_WRL,1871,49,7
World,OWID_WRL,1872,45,7
World,OWID_WRL,1873,45,7
World,OWID_WRL,1874,45,7
World,OWID_WRL,1875,45,7
World,OWID_WRL,1876,45,7
World,OWID_WRL,1877,45,7
World,OWID_WRL,1878,46,7
World,OWID_WRL,1879,47,7
World,OWID_WRL,1880,47,7
World,OWID_WRL,1881,47,7
World,OWID_WRL,1882,47,7
World,OWID_WRL,1883,47,7
World,OWID_WRL,1884,47,7
World,OWID_WRL,1885,46,8
World,OWID_WRL,1886,46,8
World,OWID_WRL,1887,46,8
World,OWID_WRL,1888,46,8
World,OWID_WRL,1889,46,8
World,OWID_WRL,1890,45,9
World,OWID_WRL,1891,45,9
World,OWID_WRL,1892,45,9
World,OWID_WRL,1893,45,9
World,OWID_WRL,1894,44,10
World,OWID_WRL,1895,44,10
World,OWID_WRL,1896,44,10
World,OWID_WRL,1897,43,11
World,OWID_WRL,1898,43,11
World,OWID_WRL,1899,43,11
World,OWID_WRL,1900,43,12
World,OWID_WRL,1901,42,14
World,OWID_WRL,1902,43,14
World,OWID_WRL,1903,44,13
World,OWID_WRL,1904,44,13
World,OWID_WRL,1905,44,13
World,OWID_WRL,1906,43,13
World,OWID_WRL,1907,44,13
World,OWID_WRL,1908,44,13
World,OWID_WRL,1909,42,15
World,OWID_WRL,1910,42,15
World,OWID_WRL,1911,39,17
World,OWID_WRL,1912,38,18
World,OWID_WRL,1913,36,18
World,OWID_WRL,1914,38,18
World,OWID_WRL,1915,39,17
World,OWID_WRL,1916,39,16
World,OWID_WRL,1917,40,17
World,OWID_WRL,1918,38,20
World,OWID_WRL,1919,36,24
World,OWID_WRL,1920,36,27
World,OWID_WRL,1921,36,28
World,OWID_WRL,1922,37,28
World,OWID_WRL,1923,38,28
World,OWID_WRL,1924,39,28
World,OWID_WRL,1925,42,27
World,OWID_WRL,1926,45,25
World,OWID_WRL,1927,45,25
World,OWID_WRL,1928,45,25
World,OWID_WRL,1929,46,24
World,OWID_WRL,1930,45,24
World,OWID_WRL,1931,45,24
World,OWID_WRL,1932,45,25
World,OWID_WRL,1933,47,23
World,OWID_WRL,1934,50,20
World,OWID_WRL,1935,51,20
World,OWID_WRL,1936,52,19
World,OWID_WRL,1937,52,19
World,OWID_WRL,1938,51,19
World,OWID_WRL,1939,48,18
World,OWID_WRL,1940,48,13
World,OWID_WRL,1941,42,13
World,OWID_WRL,1942,43,13
World,OWID_WRL,1943,42,14
World,OWID_WRL,1944,40,15
World,OWID_WRL,1945,40,23
World,OWID_WRL,1946,39,28
World,OWID_WRL,1947,42,27
World,OWID_WRL,1948,48,30
World,OWID_WRL,1949,48,32
World,OWID_WRL,1950,48,34
World,OWID_WRL,1951,49,34
World,OWID_WRL,1952,48,35
World,OWID_WRL,1953,49,34
World,OWID_WRL,1954,51,34
World,OWID_WRL,1955,52,35
World,OWID_WRL,1956,53,37
World,OWID_WRL,1957,55,37
World,OWID_WRL,1958,55,38
World,OWID_WRL,1959,55,38
World,OWID_WRL,1960,68,43
World,OWID_WRL,1961,70,44
World,OWID_WRL,1962,78,43
World,OWID_WRL,1963,80,41
World,OWID_WRL,1964,83,41
World,OWID_WRL,1965,87,41
World,OWID_WRL,1966,90,43
World,OWID_WRL,1967,93,41
World,OWID_WRL,1968,97,41
World,OWID_WRL,1969,99,39
World,OWID_WRL,1970,99,40
World,OWID_WRL,1971,101,42
World,OWID_WRL,1972,102,42
World,OWID_WRL,1973,103,42
World,OWID_WRL,1974,102,44
World,OWID_WRL,1975,105,47
World,OWID_WRL,1976,107,46
World,OWID_WRL,1977,109,45
World,OWID_WRL,1978,109,48
World,OWID_WRL,1979,106,53
World,OWID_WRL,1980,107,53
World,OWID_WRL,1981,108,53
World,OWID_WRL,1982,107,55
World,OWID_WRL,1983,105,57
World,OWID_WRL,1984,102,61
World,OWID_WRL,1985,102,62
World,OWID_WRL,1986,99,65
World,OWID_WRL,1987,100,64
World,OWID_WRL,1988,97,67
World,OWID_WRL,1989,97,67
World,OWID_WRL,1990,95,70
World,OWID_WRL,1991,98,84
World,OWID_WRL,1992,92,92
World,OWID_WRL,1993,89,97
World,OWID_WRL,1994,86,102
World,OWID_WRL,1995,86,103
World,OWID_WRL,1996,87,103
World,OWID_WRL,1997,85,106
World,OWID_WRL,1998,86,105
World,OWID_WRL,1999,86,105
World,OWID_WRL,2000,84,107
World,OWID_WRL,2001,82,108
World,OWID_WRL,2002,80,111
World,OWID_WRL,2003,78,112
World,OWID_WRL,2004,78,113
World,OWID_WRL,2005,78,113
World,OWID_WRL,2006,76,116
World,OWID_WRL,2007,77,115
World,OWID_WRL,2008,74,118
World,OWID_WRL,2009,76,117
World,OWID_WRL,2010,76,117
World,OWID_WRL,2011,74,119
World,OWID_WRL,2012,77,118
World,OWID_WRL,2013,77,118
World,OWID_WRL,2014,77,117
World,OWID_WRL,2015,74,119
World,OWID_WRL,2016,75,118
World,OWID_WRL,2017,76,117
World,OWID_WRL,2018,76,117
World,OWID_WRL,2019,75,118
World,OWID_WRL,2020,75,118